-- phpMyAdmin SQL Dump
-- version 5.2.0
-- https://www.phpmyadmin.net/
--
-- Máy chủ: 127.0.0.1:8806
-- Thời gian đã tạo: Th3 04, 2023 lúc 11:02 AM
-- Phiên bản máy phục vụ: 10.4.25-MariaDB
-- Phiên bản PHP: 8.1.10

SET SQL_MODE = "NO_AUTO_VALUE_ON_ZERO";
START TRANSACTION;
SET time_zone = "+00:00";


/*!40101 SET @OLD_CHARACTER_SET_CLIENT=@@CHARACTER_SET_CLIENT */;
/*!40101 SET @OLD_CHARACTER_SET_RESULTS=@@CHARACTER_SET_RESULTS */;
/*!40101 SET @OLD_COLLATION_CONNECTION=@@COLLATION_CONNECTION */;
/*!40101 SET NAMES utf8mb4 */;

--
-- Cơ sở dữ liệu: `btth01_cse485`
--

-- --------------------------------------------------------

--
-- Cấu trúc bảng cho bảng `baiviet`
--

CREATE TABLE `baiviet` (
  `ma_bviet` int(10) UNSIGNED NOT NULL,
  `tieude` varchar(200) NOT NULL,
  `ten_bhat` varchar(100) NOT NULL,
  `ma_tloai` int(10) UNSIGNED NOT NULL,
  `tomtat` text NOT NULL,
  `noidung` text DEFAULT NULL,
  `ma_tgia` int(10) UNSIGNED NOT NULL,
  `ngayviet` datetime NOT NULL DEFAULT current_timestamp(),
  `hinhanh` varchar(200) DEFAULT NULL
) ENGINE=InnoDB DEFAULT CHARSET=utf8mb4;

--
-- Đang đổ dữ liệu cho bảng `baiviet`
--

INSERT INTO `baiviet` (`ma_bviet`, `tieude`, `ten_bhat`, `ma_tloai`, `tomtat`, `noidung`, `ma_tgia`, `ngayviet`, `hinhanh`) VALUES
(1, 'Lòng mẹ', 'Lòng mẹ', 2, 'Và mẹ ơi đừng khóc nhé! Cả đời này mẹ đã khóc nhiều lắm rồi, hãy cười lên vì con đã trưởng thành! Con sẽ lại về dậy sớm nấu cơm cho mẹ, nấu nước cho mẹ tắm như ngày xưa. “Dù cho vai nắng nhưng lòng thương chẳng nhạt màu, vẫn mơ quay về vui vầy dưới bóng mẹ yêu”', 'Và mẹ ơi đừng khóc nhé! Cả đời này mẹ đã khóc nhiều lắm rồi, hãy cười lên vì con đã trưởng thành! Con sẽ lại về dậy sớm nấu cơm cho mẹ, nấu nước cho mẹ tắm như ngày xưa. “Dù cho vai nắng nhưng lòng thương chẳng nhạt màu, vẫn mơ quay về vui vầy dưới bóng mẹ yêu”', 1, '2012-07-23 00:00:00', 'https://dongnhacvang.com/wp-content/uploads/2019/11/10443282_807750429284322_6871457727483823056_o-1024x665.jpg'),
(2, 'Cảm ơn em đã rời xa anh', 'Vết mưa', 2, 'Cảm ơn em đã cho anh những tháng ngày hạnh phúc, cho anh biết yêu và được yêu. Em cho anh được nếm trải hương vị ngọt ngào của tình yêu nhưng cũng đầy đau khổ và nước mắt. Những tháng ngày đó có lẽ suốt cuộc đời anh không bao giờ quên', 'Cảm ơn em đã cho anh những tháng ngày hạnh phúc, cho anh biết yêu và được yêu. Em cho anh được nếm trải hương vị ngọt ngào của tình yêu nhưng cũng đầy đau khổ và nước mắt. Những tháng ngày đó có lẽ suốt cuộc đời anh không bao giờ quên', 3, '2012-02-12 00:00:00', 'https://i.ytimg.com/vi/MtXzsyV-wsQ/maxresdefault.jpg'),
(3, 'Cuộc đời có mấy ngày mai?', 'Phôi pha', 2, 'Đêm nay, trời quang mây tạnh, trong người nghe hoang vắng và tôi ngồi đây “Ôm lòng đêm, Nhìn vầng trăng mới về” mà ngậm ngùi “Nhớ chân giang hồ. Ôi phù du, từng tuổi xuân đã già”', 'Đêm nay, trời quang mây tạnh, trong người nghe hoang vắng và tôi ngồi đây “Ôm lòng đêm, Nhìn vầng trăng mới về” mà ngậm ngùi “Nhớ chân giang hồ. Ôi phù du, từng tuổi xuân đã già”', 4, '2014-03-13 00:00:00', 'https://nhacxua.vn/wp-content/uploads/2019/09/phoi-590x330.jpg'),
(4, 'Quê tôi!', 'Quê hương', 5, 'Quê hương là gì mà chở đầy kí ức nhỏ xinh. Có đám trẻ nô đùa bên nhau dưới gốc ổi nhà bà Năm giữa trưa nắng gắt chỉ để chờ bà đi vắng là hái trộm. Có hai anh em tôi bì bõm lội sình bắt cua đem về nhà cho mẹ nấu canh, nấu cháo… Có ba chị em tôi lục đục tự nấu ăn khi mẹ vắng nhà. Có anh tôi luôn dắt tôi đi cùng đường ngõ xóm chỉ để em được vui. Có cả những trận cãi nhau nảy lửa của ba anh em nữa…', 'Quê hương là gì mà chở đầy kí ức nhỏ xinh. Có đám trẻ nô đùa bên nhau dưới gốc ổi nhà bà Năm giữa trưa nắng gắt chỉ để chờ bà đi vắng là hái trộm. Có hai anh em tôi bì bõm lội sình bắt cua đem về nhà cho mẹ nấu canh, nấu cháo… Có ba chị em tôi lục đục tự nấu ăn khi mẹ vắng nhà. Có anh tôi luôn dắt tôi đi cùng đường ngõ xóm chỉ để em được vui. Có cả những trận cãi nhau nảy lửa của ba anh em nữa…', 5, '2014-02-20 00:00:00', 'https://i.ytimg.com/vi/7sMvu7IPqdE/maxresdefault.jpg'),
(5, 'Đất nước', 'Đất nước', 5, 'Đã bao nhiêu lần tôi tự hỏi: liệu trên Thế giới này có nơi nào chiến tranh tang thương mà lại rất đổi anh hùng như nước mình không? Liệu có mảnh đất nào mà mỗi tấc đất hôm nay đã thấm máu xương của những thế hệ đi trước nhiều như nước mình không? Và, liệu có một đất nước nào lại có nhiều bà mẹ đau khổ nhưng cũng hết sức gan góc như đất nước mình không?', 'Đã bao nhiêu lần tôi tự hỏi: liệu trên Thế giới này có nơi nào chiến tranh tang thương mà lại rất đổi anh hùng như nước mình không? Liệu có mảnh đất nào mà mỗi tấc đất hôm nay đã thấm máu xương của những thế hệ đi trước nhiều như nước mình không? Và, liệu có một đất nước nào lại có nhiều bà mẹ đau khổ nhưng cũng hết sức gan góc như đất nước mình không?', 1, '2010-05-25 00:00:00', 'https://encrypted-tbn0.gstatic.com/images?q=tbn:ANd9GcQH-nDP9WkKOMlwQVDA7ThlxuePQUembuNn_w&usqp=CAU'),
(6, 'Hard Rock Hallelujah', 'Hard Rock Hallelujah', 7, 'Những linh hồn đang lạc lối, mù quáng mất phương hướng trong cõi trần gian đầy nghiệt ngã hãy nên lắng nghe \"Hard Rock Hallelujah\" để có thể quên tất cả mọi thứ để tìm về đúng bản chất sâu thẳm nhất trong tâm hồn chính mình!', 'Những linh hồn đang lạc lối, mù quáng mất phương hướng trong cõi trần gian đầy nghiệt ngã hãy nên lắng nghe \"Hard Rock Hallelujah\" để có thể quên tất cả mọi thứ để tìm về đúng bản chất sâu thẳm nhất trong tâm hồn chính mình!', 6, '2013-09-12 00:00:00', 'https://encrypted-tbn0.gstatic.com/images?q=tbn:ANd9GcSFVQD3MPaPrPuS5JjH7TRB2j5fMzKHfzfzyQ&usqp=CAU'),
(7, 'The Unforgiven', 'The Unforgiven', 7, 'Lâu lắm rồi mới nghe lại The Unforgiven II, vì bài này không phải là bài mà tôi thích. Anh bạn tôi lúc trước, đi đâu cũng nghêu ngao bài này ấy, chỉ tại vì hắn đang... thất tình mà lị. Mà sao Metallica có The Unforgiven rồi lại có thêm bài này chi nữa vậy không biết nữa, làm cho tôi cảm thấy hình như hơi bị đúng so với tâm trạng của tôi lúc này.', 'Lâu lắm rồi mới nghe lại The Unforgiven II, vì bài này không phải là bài mà tôi thích. Anh bạn tôi lúc trước, đi đâu cũng nghêu ngao bài này ấy, chỉ tại vì hắn đang... thất tình mà lị. Mà sao Metallica có The Unforgiven rồi lại có thêm bài này chi nữa vậy không biết nữa, làm cho tôi cảm thấy hình như hơi bị đúng so với tâm trạng của tôi lúc này.', 1, '2010-05-25 00:00:00', 'https://encrypted-tbn0.gstatic.com/images?q=tbn:ANd9GcRtxR1y_aXO-XO2uKM5FXW1Xs0CjltEnQMwZg&usqp=CAU'),
(8, 'Nơi tình yêu bắt đầu', 'Nơi tình yêu bắt đầu', 1, 'Nhiều người sẽ nghĩ làm gì có yêu nhất và làm gì có yêu mãi. Ừ! Chẳng có gì là mãi mãi cả, vì chúng ta không trường tồn vĩnh cửu', 'Nhiều người sẽ nghĩ làm gì có yêu nhất và làm gì có yêu mãi. Ừ! Chẳng có gì là mãi mãi cả, vì chúng ta không trường tồn vĩnh cửu', 1, '2014-02-03 00:00:00', 'https://i.ytimg.com/vi/0l8vKaiPFAY/maxresdefault.jpg'),
(9, 'Love Me Like There’s No Tomorrow', 'Love Me Like There’s No Tomorrow', 8, 'Nếu ai đã từng yêu Queen, yêu cái chất giọng cao, sắc sảo như một vết cắt thật ngọt ẩn giấu bao cảm xúc mãnh liệt của Freddie chắc không thể không \"điêu đứng\" mỗi khi nghe Love Me Like There’s No Tomorrow.', 'Nếu ai đã từng yêu Queen, yêu cái chất giọng cao, sắc sảo như một vết cắt thật ngọt ẩn giấu bao cảm xúc mãnh liệt của Freddie chắc không thể không \"điêu đứng\" mỗi khi nghe Love Me Like There’s No Tomorrow.', 1, '2013-02-26 00:00:00', 'https://www.udiscovermusic.com/wp-content/uploads/2019/09/Freddie-Mercury-video-still-cropped-copy.jpg'),
(10, 'I\'m stronger', 'I\'m stronger', 7, 'Em không phải là người giỏi giấu cảm xúc, nhưng em lại là người giỏi đoán biết cảm xúc của người khác vậy nên đừng cố nói nhớ em, rằng mọi thứ chỉ là do hoàn cảnh. Và cũng đừng dối em rằng anh đã từng yêu em. Em nhắm mắt cũng cảm nhận được mà, thật đấy', 'Em không phải là người giỏi giấu cảm xúc, nhưng em lại là người giỏi đoán biết cảm xúc của người khác vậy nên đừng cố nói nhớ em, rằng mọi thứ chỉ là do hoàn cảnh. Và cũng đừng dối em rằng anh đã từng yêu em. Em nhắm mắt cũng cảm nhận được mà, thật đấy', 2, '2013-08-21 00:00:00', 'https://encrypted-tbn0.gstatic.com/images?q=tbn:ANd9GcSmNJDiqoK10kgX57CXkf6ebFDqI_yP8Z9r2g&usqp=CAU'),
(11, 'Ôi Cuộc Sống Mến Thương', 'Ôi Cuộc Sống Mến Thương', 5, 'Có một câu nói như thế này \"Âm nhạc là một cái gì khác lạ mà hầu như tôi muốn nói nó là một phép thần diệu.Vì nó đứng giữa tư tưởng và hiện tượng, tinh thần và vật chất, mọi thứ trung gian mơ hồ thế đó mà không là thế đó giữa các sự vật mà âm nhạc hòa giải\"', 'Có một câu nói như thế này \"Âm nhạc là một cái gì khác lạ mà hầu như tôi muốn nói nó là một phép thần diệu.Vì nó đứng giữa tư tưởng và hiện tượng, tinh thần và vật chất, mọi thứ trung gian mơ hồ thế đó mà không là thế đó giữa các sự vật mà âm nhạc hòa giải\"', 2, '2011-10-09 00:00:00', 'https://i.ytimg.com/vi/vTVy66a2oUk/hqdefault.jpg'),
(12, 'Cây và gió', 'Cây và gió', 7, 'Em và anh, hai đứa quen nhau thật tình cờ. Lời hát của anh từ bài hát “Cây và gió” đã làm tâm hồn em xao động. Nhưng sự thật phũ phàng rằng em chưa bao giờ nói cho anh biết những suy nghĩ tận sâu trong tim mình. Bởi vì em nhút nhát, em không dám đối mặt với thực tế khắc nghiệt, hay thực ra em không dám đối diện với chính mình.', 'Em và anh, hai đứa quen nhau thật tình cờ. Lời hát của anh từ bài hát “Cây và gió” đã làm tâm hồn em xao động. Nhưng sự thật phũ phàng rằng em chưa bao giờ nói cho anh biết những suy nghĩ tận sâu trong tim mình. Bởi vì em nhút nhát, em không dám đối mặt với thực tế khắc nghiệt, hay thực ra em không dám đối diện với chính mình.', 7, '2013-12-05 00:00:00', 'https://i.ytimg.com/vi/4xFajqdEmYk/maxresdefault.jpg'),
(14, 'Như Anh Đã Thấy Em', 'Như Anh Đã Thấy Em', 1, 'Anh ngắm nhìn thêm, mây, sao và màn đêm long lanh của anh Anh lướt nhẹ trên từng câu hát, nơi những giấc mơ đã từng thổn thức với anh Và đôi khi anh, trầm ngâm thật lâu, vì nơi sâu nhất trong thâm tâm của anh Anh vẽ lại những bức tranh, ẩn chứa sâu trong sắc màu mỏng manh, mỏng manh.', 'Anh ngắm nhìn thêm, mây, sao và màn đêm long lanh của anh Anh lướt nhẹ trên từng câu hát, nơi những giấc mơ đã từng thổn thức với anh Và đôi khi anh, trầm ngâm thật lâu, vì nơi sâu nhất trong thâm tâm của anh Anh vẽ lại những bức tranh, ẩn chứa sâu trong sắc màu mỏng manh, mỏng manh.', 1, '2023-02-26 21:26:10', 'https://i.ytimg.com/vi/jk5gbjJMZ6M/hqdefault.jpg?sqp=-oaymwE1CKgBEF5IVfKriqkDKAgBFQAAiEIYAXABwAEG8AEB-AH-CYAC0AWKAgwIABABGC0gVCh_MA8=&rs=AOn4CLAH9UxF7fn3SMb7yoz59qpvhALB-g'),
(15, 'CHỜ ĐỢI CÓ ĐÁNG SỢ', 'CHỜ ĐỢI CÓ ĐÁNG SỢ', 2, 'Đôi khi nhầm một chuyến xe Lại đưa chúng ta về nơi muốn đến Nhưng em lại chẳng muốn quay về, về nơi chúng ta dừng lại Anh gom từng vệt nắng cuối trời  để thắp sáng hi vọng rằng em sẽ trở về Chờ đợi đâu đáng sợ', 'Đôi khi nhầm một chuyến xe Lại đưa chúng ta về nơi muốn đến Nhưng em lại chẳng muốn quay về, về nơi chúng ta dừng lại Anh gom từng vệt nắng cuối trời  để thắp sáng hi vọng rằng em sẽ trở về Chờ đợi đâu đáng sợ', 4, '2023-02-26 21:31:44', 'https://i.ytimg.com/vi/IicCjXK55n4/hqdefault.jpg?sqp=-oaymwE1CKgBEF5IVfKriqkDKAgBFQAAiEIYAXABwAEG8AEB-AH-CYAC0AWKAgwIABABGH8gEyhAMA8=&rs=AOn4CLBnTL97n7LMeyvd3aPyEJ8S-pKENw');

-- --------------------------------------------------------

--
-- Cấu trúc bảng cho bảng `tacgia`
--

CREATE TABLE `tacgia` (
  `ma_tgia` int(10) UNSIGNED NOT NULL,
  `ten_tgia` varchar(100) NOT NULL,
  `hinh_tgia` varchar(100) DEFAULT NULL
) ENGINE=InnoDB DEFAULT CHARSET=utf8mb4;

--
-- Đang đổ dữ liệu cho bảng `tacgia`
--

INSERT INTO `tacgia` (`ma_tgia`, `ten_tgia`, `hinh_tgia`) VALUES
(1, 'Nhacvietplus', NULL),
(2, 'Sưu tầm', NULL),
(3, 'Sandy', NULL),
(4, 'Lê Trung Ngân', NULL),
(5, 'Khánh Ngọc', NULL),
(6, 'Night Stalker', NULL),
(7, 'Phạm Phương Anh', NULL),
(8, 'Tâm tình', NULL);

-- --------------------------------------------------------

--
-- Cấu trúc bảng cho bảng `theloai`
--

CREATE TABLE `theloai` (
  `ma_tloai` int(10) UNSIGNED NOT NULL,
  `ten_tloai` varchar(50) NOT NULL,
  `SLBaiViet` int(11) DEFAULT NULL
) ENGINE=InnoDB DEFAULT CHARSET=utf8mb4;

--
-- Đang đổ dữ liệu cho bảng `theloai`
--

INSERT INTO `theloai` (`ma_tloai`, `ten_tloai`, `SLBaiViet`) VALUES
(1, 'Nhạc trẻ', NULL),
(2, 'Nhạc trữ tình', NULL),
(3, 'Nhạc cách mạng', NULL),
(4, 'Nhạc thiếu nhi', NULL),
(5, 'Nhạc quê hương', NULL),
(6, 'POP', NULL),
(7, 'Rock', NULL),
(8, 'R&B', NULL),
(9, 'Nhạc remix', NULL),
(19, 'Nhạc EDM', NULL),
(22, 'Nhạc EDM311', NULL);

-- --------------------------------------------------------

--
-- Cấu trúc bảng cho bảng `users`
--

CREATE TABLE `users` (
  `username` varchar(255) NOT NULL,
  `password` varchar(255) NOT NULL,
  `id` int(11) NOT NULL
) ENGINE=InnoDB DEFAULT CHARSET=utf8mb4;

--
-- Đang đổ dữ liệu cho bảng `users`
--

INSERT INTO `users` (`username`, `password`, `id`) VALUES
('hoangduc ', '1', 1);

--
-- Chỉ mục cho các bảng đã đổ
--

--
-- Chỉ mục cho bảng `baiviet`
--
ALTER TABLE `baiviet`
  ADD PRIMARY KEY (`ma_bviet`),
  ADD KEY `ma_tgia` (`ma_tgia`),
  ADD KEY `ma_tloai` (`ma_tloai`);

--
-- Chỉ mục cho bảng `tacgia`
--
ALTER TABLE `tacgia`
  ADD PRIMARY KEY (`ma_tgia`);

--
-- Chỉ mục cho bảng `theloai`
--
ALTER TABLE `theloai`
  ADD PRIMARY KEY (`ma_tloai`);

--
-- Chỉ mục cho bảng `users`
--
ALTER TABLE `users`
  ADD PRIMARY KEY (`id`);

--
-- AUTO_INCREMENT cho các bảng đã đổ
--

--
-- AUTO_INCREMENT cho bảng `baiviet`
--
ALTER TABLE `baiviet`
  MODIFY `ma_bviet` int(10) UNSIGNED NOT NULL AUTO_INCREMENT, AUTO_INCREMENT=16;

--
-- AUTO_INCREMENT cho bảng `tacgia`
--
ALTER TABLE `tacgia`
  MODIFY `ma_tgia` int(10) UNSIGNED NOT NULL AUTO_INCREMENT, AUTO_INCREMENT=11;

--
-- AUTO_INCREMENT cho bảng `theloai`
--
ALTER TABLE `theloai`
  MODIFY `ma_tloai` int(10) UNSIGNED NOT NULL AUTO_INCREMENT, AUTO_INCREMENT=24;

--
-- AUTO_INCREMENT cho bảng `users`
--
ALTER TABLE `users`
  MODIFY `id` int(11) NOT NULL AUTO_INCREMENT, AUTO_INCREMENT=2;

--
-- Các ràng buộc cho các bảng đã đổ
--

--
-- Các ràng buộc cho bảng `baiviet`
--
ALTER TABLE `baiviet`
  ADD CONSTRAINT `baiviet_ibfk_1` FOREIGN KEY (`ma_tgia`) REFERENCES `tacgia` (`ma_tgia`),
  ADD CONSTRAINT `baiviet_ibfk_2` FOREIGN KEY (`ma_tloai`) REFERENCES `theloai` (`ma_tloai`);
COMMIT;

/*!40101 SET CHARACTER_SET_CLIENT=@OLD_CHARACTER_SET_CLIENT */;
/*!40101 SET CHARACTER_SET_RESULTS=@OLD_CHARACTER_SET_RESULTS */;
/*!40101 SET COLLATION_CONNECTION=@OLD_COLLATION_CONNECTION */;
